{"cameraMode":{"drawMode":0,"name":"Shaded","section":"Shading Mode"},"sceneLighting":false,"audioPlay":false,"sceneViewState":{"showFog":true,"showMaterialUpdate":false,"showSkybox":true,"showFlares":true,"showImageEffects":true,"showParticleSystems":true},"in2DMode":false,"pivot":{"x":-5.599999904632568,"y":1.0,"z":2.1600003242492677},"rotation":{"x":-0.024288835003972055,"y":0.8496195077896118,"z":-0.5253702998161316,"w":-0.03927961364388466},"size":9.328946113586426,"orthographic":false}